{"cameraMode":{"drawMode":0,"name":"Shaded","section":"Shading Mode"},"sceneLighting":true,"audioPlay":false,"sceneViewState":{"m_AlwaysRefresh":false,"showFog":true,"showSkybox":true,"showFlares":true,"showImageEffects":true,"showParticleSystems":true,"showVisualEffectGraphs":true,"m_FxEnabled":true},"in2DMode":false,"pivot":{"x":-13.51663589477539,"y":6.1829447746276859,"z":-46.00341033935547},"rotation":{"x":-0.027253521606326104,"y":0.9404948353767395,"z":-0.07776956260204315,"w":-0.3297009766101837},"size":11.564032554626465,"orthographic":false}