{"cameraMode":{"drawMode":0,"name":"Shaded","section":"Shading Mode"},"sceneLighting":true,"audioPlay":false,"sceneViewState":{"m_AlwaysRefresh":false,"showFog":true,"showSkybox":true,"showFlares":true,"showImageEffects":true,"showParticleSystems":true,"showVisualEffectGraphs":true,"m_FxEnabled":true},"in2DMode":false,"pivot":{"x":-19.299999237060548,"y":5.949999809265137,"z":-42.599998474121097},"rotation":{"x":0.07776514440774918,"y":-0.7547986507415772,"z":0.09101492166519165,"w":0.6449517607688904},"size":14.524356842041016,"orthographic":false}